ID,Name,Gene Name,GenBank Protein ID,GenBank Gene ID,UniProt ID,Uniprot Title,PDB ID,GeneCard ID,GenAtlas ID,HGNC ID,Species,Drug IDs
9,Alcohol dehydrogenase class-3,ADH5,178134,M30471,P11766,ADHX_HUMAN,1M6H; 1M6W; 1MA0; 1MC5; 1MP0; 1TEH; 2FZE; 2FZW; 3QJ5,,ADH5,HGNC:253,Humans,DB12612
14,Tyrosine-protein kinase ABL1,ABL1,28237,X16416,P00519,ABL1_HUMAN,1AB2; 1ABL; 1AWO; 1BBZ; 1JU5; 1OPL; 1ZZP; 2ABL; 2E2B; 2F4J; 2FO0; 2G1T; 2G2F; 2G2H; 2G2I; 2GQG; 2HIW; 2HYY; 2HZ0; 2HZ4; 2HZI; 2O88; 2V7A; 3CS9; 3EG0; 3EG1; 3EG2; 3EG3; 3EGU; 3K2M; 3PYY; 3QRI; 3QRJ; 3QRK; 3T04; 3UE4; 3UYO; 4J9B; 4J9C; 4J9D; 4J9E; 4J9F; 4J9G; 4J9H; 4J9I; 4JJB; 4JJC; 4JJD; 4TWP; 4WA9; 4XEY,,ABL1,HGNC:76,Humans,DB13749
16,Coagulation factor VIII,F8,182818,M14113,P00451,FA8_HUMAN,1CFG; 1D7P; 1FAC; 1IQD; 2R7E; 3CDZ; 3HNB; 3HNY; 3HOB; 3J2Q; 3J2S; 4BDV; 4KI5; 4PT6,,F8,HGNC:3546,Humans,DB13151
41,Coagulation factor V,F5,182412,M16967,P12259,FA5_HUMAN,1CZS; 1CZT; 1CZV; 1FV4; 1Y61; 3P6Z; 3P70; 3S9C,,F5,HGNC:3542,Humans,DB13151
42,Pyridoxal kinase,PDXK,1946349,U89606,O00764,PDXK_HUMAN,2AJP; 2F7K; 2YXT; 2YXU; 3FHX; 3FHY; 3KEU; 4EN4; 4EOH,,PDXK,HGNC:8819,Humans,DB00165
48,Prothrombin,F2,339641,M17262,P00734,THRB_HUMAN,1A2C; 1A3B; 1A3E; 1A46; 1A4W; 1A5G; 1A61; 1ABI; 1ABJ; 1AD8; 1AE8; 1AFE; 1AHT; 1AI8; 1AIX; 1AWF; 1AWH; 1AY6; 1B5G; 1B7X; 1BA8; 1BB0; 1BCU; 1BHX; 1BMM; 1BMN; 1BTH; 1C1U; 1C1V; 1C1W; 1C4U; 1C4V; 1C4Y; 1C5L; 1C5N; 1C5O; 1CA8; 1D3D; 1D3P; 1D3Q; 1D3T; 1D4P; 1D6W; 1D9I; 1DE7; 1DIT; 1DM4; 1DOJ; 1DWB; 1DWC; 1DWD; 1DWE; 1DX5; 1E0F; 1EB1; 1EOJ; 1EOL; 1FPC; 1FPH; 1G30; 1G32; 1G37; 1GHV; 1GHW; 1GHX; 1GHY; 1GJ4; 1GJ5; 1H8D; 1H8I; 1HAG; 1HAH; 1HAI; 1HAO; 1HAP; 1HBT; 1HDT; 1HGT; 1HLT; 1HUT; 1HXE; 1HXF; 1IHS; 1IHT; 1JMO; 1JOU; 1JWT; 1K21; 1K22; 1KTS; 1KTT; 1LHC; 1LHD; 1LHE; 1LHF; 1LHG; 1MH0; 1MU6; 1MU8; 1MUE; 1NM6; 1NO9; 1NRN; 1NRO; 1NRP; 1NRQ; 1NRR; 1NRS; 1NT1; 1NU7; 1NU9; 1NY2; 1NZQ; 1O0D; 1O2G; 1O5G; 1OOK; 1OYT; 1P8V; 1PPB; 1QBV; 1QHR; 1QJ1; 1QJ6; 1QJ7; 1QUR; 1RD3; 1RIW; 1SB1; 1SFQ; 1SG8; 1SGI; 1SHH; 1SL3; 1SR5; 1T4U; 1T4V; 1TA2; 1TA6; 1TB6; 1TBZ; 1THP; 1THR; 1THS; 1TMB; 1TMT; 1TMU; 1TOM; 1TQ0; 1TQ7; 1TWX; 1UMA; 1UVS; 1VR1; 1VZQ; 1W7G; 1WAY; 1WBG; 1XM1; 1XMN; 1YPE; 1YPG; 1YPJ; 1YPK; 1YPL; 1YPM; 1Z71; 1Z8I; 1Z8J; 1ZGI; 1ZGV; 1ZRB; 2A0Q; 2A2X; 2A45; 2AFQ; 2ANK; 2ANM; 2B5T; 2BDY; 2BVR; 2BVS; 2BVX; 2BXT; 2BXU; 2C8W; 2C8X; 2C8Y; 2C8Z; 2C90; 2C93; 2CF8; 2CF9; 2CN0; 2FEQ; 2FES; 2GDE; 2GP9; 2H9T; 2HGT; 2HNT; 2HPP; 2HPQ; 2HWL; 2JH0; 2JH5; 2JH6; 2OD3; 2PGB; 2PGQ; 2PKS; 2PW8; 2R2M; 2THF; 2UUF; 2UUJ; 2UUK; 2V3H; 2V3O; 2ZC9; 2ZDA; 2ZDV; 2ZF0; 2ZFF; 2ZFP; 2ZFQ; 2ZFR; 2ZG0; 2ZGB; 2ZGX; 2ZHE; 2ZHF; 2ZHQ; 2ZHW; 2ZI2; 2ZIQ; 2ZNK; 2ZO3; 3B23; 3B9F; 3BEF; 3BEI; 3BF6; 3BIU; 3BIV; 3BV9; 3C1K; 3C27; 3D49; 3DA9; 3DD2; 3DHK; 3DT0; 3DUX; 3E6P; 3EE0; 3EGK; 3EQ0; 3F68; 3GIC; 3GIS; 3HAT; 3HKJ; 3HTC; 3JZ1; 3JZ2; 3K65; 3LDX; 3LU9; 3NXP; 3P17; 3P6Z; 3P70; 3PMH; 3PO1; 3QDZ; 3QGN; 3QLP; 3QTO; 3QTV; 3QWC; 3QX5; 3R3G; 3RLW; 3RLY; 3RM0; 3RM2; 3RML; 3RMM; 3RMN; 3RMO; 3S7H; 3S7K; 3SHA; 3SHC; 3SI3; 3SI4; 3SQE; 3SQH; 3SV2; 3T5F; 3TU7; 3U69; 3U8O; 3U8R; 3U8T; 3U98; 3U9A; 3UTU; 3UWJ; 3VXE; 3VXF; 4AX9; 4AYV; 4AYY; 4AZ2; 4BAH; 4BAK; 4BAM; 4BAN; 4BAO; 4BAQ; 4BOH; 4CH2; 4CH8; 4DIH; 4DII; 4DT7; 4DY7; 4E05; 4E06; 4E7R; 4H6S; 4H6T; 4HFP; 4HTC; 4HZH; 4I7Y; 4LOY; 4LXB; 4LZ1; 4LZ4; 4MLF; 4N3L; 4NZE; 4NZQ; 4O03; 4RKJ; 4RKO; 4RN6; 4THN; 4UD9; 4UDW; 4UE7; 4UEH; 4YES; 5AF9; 5AFY; 5AFZ; 5AHG; 5E8E; 5GDS; 7KME; 8KME,,F2,HGNC:3535,Humans,DB12364; DB13151
51,3 beta-hydroxysteroid dehydrogenase/Delta 5-->4-isomerase type 1,HSD3B1,306889,M27137,P14060,3BHS1_HUMAN,,,HSD3B1,HGNC:5217,Humans,DB09070
59,3 beta-hydroxysteroid dehydrogenase/Delta 5-->4-isomerase type 2,HSD3B2,184401,M67466,P26439,3BHS2_HUMAN,,,HSD3B2,HGNC:5218,Humans,DB09070
70,Group 10 secretory phospholipase A2,PLA2G10,2289237,U95301,O15496,PA2GX_HUMAN,1LE6; 1LE7; 4UY1,,PLA2G10,HGNC:9029,Humans,DB13893
82,Creatine kinase B-type,CKB,180572,M16451,P12277,KCRB_HUMAN,3B6R; 3DRB; 3DRE,,CKB,HGNC:1991,Humans,DB13749
138,Dopamine beta-hydroxylase,DBH,30474,X13255,P09172,DOPO_HUMAN,,,DBH,HGNC:2689,Humans,DB09130
229,Sodium/potassium-transporting ATPase subunit gamma,FXYD2,1575004,U50743,P54710,ATNG_HUMAN,2MKV,,FXYD2,HGNC:4026,Humans,DB13620
248,Arachidonate 5-lipoxygenase,ALOX5,187193,J03600,P09917,LOX5_HUMAN,2ABV; 3O8Y; 3V92; 3V98; 3V99,,ALOX5,HGNC:435,Humans,DB00179
252,Tyrosinase,TYR,340037,M27160,P14679,TYRO_HUMAN,,,TYR,HGNC:12442,Humans,DB09130
263,"Nitric oxide synthase, endothelial",NOS3,189212,M93718,P29474,NOS3_HUMAN,1M9J; 1M9K; 1M9M; 1M9Q; 1M9R; 1NIW; 2LL7; 2MG5; 3EAH; 3NOS; 4D1O; 4D1P,,NOS3,HGNC:7876,Humans,DB06154
269,Adenylate cyclase type 1,ADCY1,41472630,AC069008,Q08828,ADCY1_HUMAN,,,ADCY1,HGNC:232,Humans,DB13749
330,Dihydrofolate reductase,DHFR,182724,J00140,P00374,DYR_HUMAN,1BOZ; 1DHF; 1DLR; 1DLS; 1DRF; 1HFP; 1HFQ; 1HFR; 1KMS; 1KMV; 1MVS; 1MVT; 1OHJ; 1OHK; 1PD8; 1PD9; 1PDB; 1S3U; 1S3V; 1S3W; 1U71; 1U72; 1YHO; 2C2S; 2C2T; 2DHF; 2W3A; 2W3B; 2W3M; 3EIG; 3F8Y; 3F8Z; 3F91; 3FS6; 3GHC; 3GHV; 3GHW; 3GI2; 3GYF; 3L3R; 3N0H; 3NTZ; 3NU0; 3NXO; 3NXR; 3NXT; 3NXV; 3NXX; 3NXY; 3NZD; 3OAF; 3S3V; 3S7A; 4DDR; 4G95; 4KAK; 4KBN; 4KD7; 4KEB; 4KFJ; 4M6J; 4M6K; 4M6L; 4QHV; 4QJC,,DHFR,HGNC:2861,Humans,DB01157
333,Coagulation factor VII,F7,182801,M13232,P08709,FA7_HUMAN,1BF9; 1CVW; 1DAN; 1DVA; 1F7E; 1F7M; 1FAK; 1FF7; 1FFM; 1J9C; 1JBU; 1KLI; 1KLJ; 1NL8; 1O5D; 1QFK; 1W0Y; 1W2K; 1W7X; 1W8B; 1WQV; 1WSS; 1WTG; 1WUN; 1WV7; 1YGC; 1Z6J; 2A2Q; 2AEI; 2AER; 2B7D; 2B8O; 2BZ6; 2C4F; 2EC9; 2F9B; 2FIR; 2FLB; 2FLR; 2PUQ; 2ZP0; 2ZWL; 2ZZU; 3ELA; 3TH2; 3TH3; 3TH4; 4IBL; 4ISH; 4ISI; 4JYU; 4JYV; 4JZD; 4JZE; 4JZF; 4NA9; 4NG9; 4NGA; 4X8S; 4X8T; 4X8U; 4X8V; 4YT6; 4YT7; 4ZXX; 4ZXY,,F7,HGNC:3544,Humans,DB13151
335,Cytochrome c oxidase subunit 1,MT-CO1,13006,V00662,P00395,COX1_HUMAN,,,MT-CO1,HGNC:7419,Humans,DB09130
350,"Acetyl-coenzyme A synthetase, cytoplasmic",ACSS2,8439651,AF263614,Q9NR19,ACSA_HUMAN,,,ACSS2,HGNC:15814,Humans,DB11936
351,Amiloride-sensitive amine oxidase [copper-containing],AOC1,177960,M55602,P19801,AOC1_HUMAN,3HI7; 3HIG; 3HII; 3K5T; 3MPH,,ABP1,HGNC:80,Humans,DB09130
364,Coagulation factor IX,F9,182609,K02402,P00740,FA9_HUMAN,1CFH; 1CFI; 1EDM; 1IXA; 1MGX; 1NL0; 1RFN; 2WPH; 2WPI; 2WPJ; 2WPK; 2WPL; 2WPM; 3KCG; 3LC3; 3LC5; 4WM0; 4WMA; 4WMB; 4WMI; 4WMK; 4WN2; 4WNH; 4YZU; 4Z0K; 4ZAE; 5EGM,,F9,HGNC:3551,Humans,DB13151
443,"25-hydroxyvitamin D-1 alpha hydroxylase, mitochondrial",CYP27B1,2612976,AF027152,O15528,CP27B_HUMAN,,,CYP27B1,HGNC:2606,Humans,DB11094
457,Ectonucleotide pyrophosphatase/phosphodiesterase family member 1,ENPP1,189650,M57736,P22413,ENPP1_HUMAN,2YS0,,ENPP1,HGNC:3356,Humans,DB13893
458,Thymidine kinase,TK,8100965,AF243477,Q9QNF7,KITH_HHV1,,,,,HHV-1,DB00787
484,"ATP synthase subunit delta, mitochondrial",ATP5D,12586,X63422,P30049,ATPD_HUMAN,,,ATP5D,HGNC:837,Humans,DB13749
524,Vitamin D 25-hydroxylase,CYP2R1,33591222,AY323817,Q6VVX0,CP2R1_HUMAN,3C6G; 3CZH; 3DL9,,CYP2R1,HGNC:20580,Humans,DB11094
539,3-oxo-5-alpha-steroid 4-dehydrogenase 1,SRD5A1,177767,M32313,P18405,S5A1_HUMAN,,,SRD5A1,HGNC:11284,Humans,DB06412
549,"Sterol 26-hydroxylase, mitochondrial",CYP27A1,181292,M62401,Q02318,CP27A_HUMAN,1MFX,,CYP27A1,HGNC:2605,Humans,DB06410
595,Flavin reductase (NADPH),BLVRB,1384068,D26308,P30043,BLVRB_HUMAN,1HDO; 1HE2; 1HE3; 1HE4; 1HE5,,BLVRB,HGNC:1063,Humans,DB09241
600,Fatty aldehyde dehydrogenase,ALDH3A2,1082036,L47162,P51648,AL3A2_HUMAN,4QGK,,ALDH3A2,HGNC:403,Humans,DB12612
648,"Glutathione reductase, mitochondrial",GSR,31825,X15722,P00390,GSHR_HUMAN,1ALG; 1BWC; 1DNC; 1GRA; 1GRB; 1GRE; 1GRF; 1GRG; 1GRH; 1GRT; 1GSN; 1K4Q; 1XAN; 2AAQ; 2GH5; 2GRT; 3DJG; 3DJJ; 3DK4; 3DK8; 3DK9; 3GRS; 3GRT; 3SQP; 4GR1; 4GRT; 5GRT,,GSR,HGNC:4623,Humans,DB09110
732,Sodium/potassium-transporting ATPase subunit alpha-1,ATP1A1,219942,D00099,P05023,AT1A1_HUMAN,,,ATP1A1,HGNC:799,Humans,DB13749
734,Methionine synthase,MTR,1923221,U71285,Q99707,METH_HUMAN,2O2K; 4CCZ,,MTR,HGNC:7468,Humans,DB11256
816,Glutathione peroxidase 1,GPX1,577777,Y00433,P07203,GPX1_HUMAN,2F8A,,GPX1,HGNC:4553,Humans,DB11127
825,"Glutaminase kidney isoform, mitochondrial",GLS,5690372,AF158555,O94925,GLSK_HUMAN,3CZD; 3UNW; 3UO9; 3VOY; 3VOZ; 3VP0; 3VP1; 3VP2; 3VP3; 3VP4; 4O7D; 5D3O,,GLS,HGNC:4331,Humans,DB09374
896,"Alkaline phosphatase, placental-like",ALPPL2,178428,J03252,P10696,PPBN_HUMAN,,,ALPPL2,HGNC:441,Humans,DB09322
927,Sulfotransferase 1A1,SULT1A1,179042,L10819,P50225,ST1A1_HUMAN,1LS6; 1Z28; 2D06; 3QVU; 3QVV; 3U3J; 3U3K; 3U3M; 3U3O; 3U3R; 4GRA,,SULT1A1,HGNC:11453,Humans,DB09070
930,Serum paraoxonase/arylesterase 1,PON1,190192,M63012,P27169,PON1_HUMAN,1V04; 1XHR,,PON1,HGNC:9204,Humans,DB14596
972,Beta-glucuronidase,GUSB,183233,M15182,P08236,BGLR_HUMAN,1BHG; 3HN3,,GUSB,HGNC:4696,Humans,DB11793
1073,"6-phosphofructo-2-kinase/fructose-2,6-bisphosphatase 1",PFKFB1,35503,X52638,P16118,F261_HUMAN,1K6M,,PFKFB1,HGNC:8872,Humans,DB13749
1108,Hexokinase-1,HK1,184021,M75126,P19367,HXK1_HUMAN,1CZA; 1DGK; 1HKB; 1HKC; 1QHA; 4F9O; 4FOE; 4FOI; 4FPA; 4FPB,,HK1,HGNC:4922,Humans,DB09502
1140,Ceruloplasmin,CP,180256,M13699,P00450,CERU_HUMAN,1KCW; 2J5W; 4EJX; 4ENZ,,CP,HGNC:2295,Humans,DB13257
1181,Angiogenin,ANG,178250,M11567,P03950,ANGI_HUMAN,1A4Y; 1ANG; 1AWZ; 1B1E; 1B1I; 1B1J; 1GV7; 1H0D; 1H52; 1H53; 1HBY; 1K58; 1K59; 1K5A; 1K5B; 1UN3; 1UN4; 1UN5; 2ANG; 4AHD; 4AHE; 4AHF; 4AHG; 4AHH; 4AHI; 4AHJ; 4AHK; 4AHL; 4AHM; 4AHN; 4AOH; 4B36,,ANG,HGNC:483,Humans,DB09130
1184,NAD(P)H dehydrogenase [quinone] 1,NQO1,189246,J03934,P15559,NQO1_HUMAN,1D4A; 1DXO; 1GG5; 1H66; 1H69; 1KBO; 1KBQ; 1QBG; 2F1O; 3JSX; 4CET; 4CF6,,NQO1,HGNC:2874,Humans,DB00252
1197,Steryl-sulfatase,STS,338565,J04964,P08842,STS_HUMAN,1P49,,STS,HGNC:11425,Humans,DB09070
1242,Galactosylgalactosylxylosylprotein 3-beta-glucuronosyltransferase 1,B3GAT1,8051678,AB029396,Q9P2W7,B3GA1_HUMAN,1V82; 1V83; 1V84,,B3GAT1,HGNC:921,Humans,DB09459
1251,Isocitrate dehydrogenase [NADP] cytoplasmic,IDH1,3641398,AF020038,O75874,IDHC_HUMAN,1T09; 1T0L; 3INM; 3MAP; 3MAR; 3MAS; 4I3K; 4I3L; 4KZO; 4L03; 4L04; 4L06; 4UMX; 4UMY; 5DE1,,IDH1,HGNC:5382,Humans,DB09374
1979,"Thioredoxin reductase 1, cytoplasmic",TXNRD1,1237038,X91247,Q16881,TRXR1_HUMAN,1W1C; 2CFY; 2J3N; 2ZZ0; 2ZZB; 2ZZC; 3QFA; 3QFB,,TXNRD1,HGNC:12437,Humans,DB11127
2089,Catechol O-methyltransferase,COMT,180920,M65212,P21964,COMT_HUMAN,3A7E; 3BWM; 3BWY; 4PYI; 4PYJ; 4PYK; 4XUC; 4XUD; 4XUE,,COMT,HGNC:2228,Humans,DB00252; DB00668
2180,Cholinesterase,BCHE,1311630,M32391,P06276,CHLE_HUMAN,1EHO; 1EHQ; 1KCJ; 1P0I; 1P0M; 1P0P; 1P0Q; 1XLU; 1XLV; 1XLW; 2J4C; 2PM8; 2WID; 2WIF; 2WIG; 2WIJ; 2WIK; 2WIL; 2WSL; 2XMB; 2XMC; 2XMD; 2XMG; 2XQF; 2XQG; 2XQI; 2XQJ; 2XQK; 2Y1K; 3DJY; 3DKK; 3O9M; 4AQD; 4AXB; 4B0O; 4B0P; 4BBZ; 4BDS; 4TPK; 4XII,,BCHE,HGNC:983,Humans,DB08897
2198,Amine oxidase [flavin-containing] A,MAOA,187353,M68840,P21397,AOFA_HUMAN,1H8Q; 2BXR; 2BXS; 2Z5X; 2Z5Y,,MAOA,HGNC:6833,Humans,DB09245; DB12329
2200,Peptidyl-glycine alpha-amidating monooxygenase,PAM,189595,M37721,P19021,AMD_HUMAN,,,PAM,HGNC:8596,Humans,DB09130
2204,Xanthine dehydrogenase/oxidase,XDH,10336525,D11456,P47989,XDH_HUMAN,2CKJ; 2E1Q,,XDH,HGNC:12805,Humans,DB12466
2274,"N-acetylglutamate synthase, mitochondrial",NAGS,22651769,AY116537,Q8N159,NAGS_HUMAN,4K30,,NAGS,HGNC:17996,Humans,DB09326
2351,Guanylate kinase,GUK1,1196436,L76200,Q16774,KGUA_HUMAN,,,GUK1,HGNC:4693,Humans,DB00787
2362,Cytochrome P450 3A5,CYP3A5,181346,J04813,P20815,CP3A5_HUMAN,,,CYP3A5,HGNC:2638,Humans,DB09065; DB11689; DB12161
2363,Cytochrome P450 2D6,CYP2D6,181350,M20403,P10635,CP2D6_HUMAN,2F9Q; 3QM4; 3TBG; 3TDA; 4WNT; 4WNU; 4WNV; 4WNW; 4XRY; 4XRZ,,CYP2D6,HGNC:2625,Humans,DB00252; DB00361; DB00472; DB06603; DB09048; DB11979; DB12161; DB12332
2390,Superoxide dismutase [Cu-Zn],SOD1,,L44139,P00441,SODC_HUMAN,1AZV; 1BA9; 1DSW; 1FUN; 1HL4; 1HL5; 1KMG; 1L3N; 1MFM; 1N18; 1N19; 1OEZ; 1OZT; 1OZU; 1P1V; 1PTZ; 1PU0; 1RK7; 1SOS; 1SPD; 1UXL; 1UXM; 2AF2; 2C9S; 2C9U; 2C9V; 2GBT; 2GBU; 2GBV; 2LU5; 2MP3; 2NNX; 2R27; 2V0A; 2VR6; 2VR7; 2VR8; 2WKO; 2WYT; 2WYZ; 2WZ0; 2WZ5; 2WZ6; 2XJK; 2XJL; 2ZKW; 2ZKX; 2ZKY; 3CQP; 3CQQ; 3ECU; 3ECV; 3ECW; 3GQF; 3GTV; 3GZO; 3GZP; 3GZQ; 3H2P; 3H2Q; 3HFF; 3K91; 3KH3; 3KH4; 3LTV; 3QQD; 3RE0; 3T5W; 4A7G; 4A7Q; 4A7S; 4A7T; 4A7U; 4A7V; 4B3E; 4BCY; 4BCZ; 4BD4; 4FF9; 4MCM; 4MCN; 4NIN; 4NIO; 4NIP; 4OH2; 4SOD,,SOD1,HGNC:11179,Humans,DB09130
2433,Cytochrome P450 1A2,CYP1A2,,Z00036,P05177,CP1A2_HUMAN,2HI4,,CYP1A2,HGNC:2596,Humans,DB00252; DB11689; DB12161; DB12332
2503,Hypoxia-inducible factor 1-alpha inhibitor,HIF1AN,,AF395830,Q9NWT6,HIF1N_HUMAN,1H2K; 1H2L; 1H2M; 1H2N; 1IZ3; 1MZE; 1MZF; 1YCI; 2CGN; 2CGO; 2ILM; 2W0X; 2WA3; 2WA4; 2XUM; 2Y0I; 2YC0; 2YDE; 3D8C; 3KCX; 3KCY; 3OD4; 3P3N; 3P3P; 4AI8; 4B7E; 4B7K; 4BIO; 4JAA; 4NR1,,HIF1AN,HGNC:17113,Humans,DB09459
2638,Cytochrome P450 3A4,CYP3A4,,M18907,P08684,CP3A4_HUMAN,1TQN; 1W0E; 1W0F; 1W0G; 2J0D; 2V0M; 3NXU; 3TJS; 3UA1; 4D6Z; 4D75; 4D78; 4D7D; 4I3Q; 4I4G; 4I4H; 4K9T; 4K9U; 4K9V; 4K9W; 4K9X; 4NY4; 5A1P; 5A1R,,CYP3A4,HGNC:2637,Humans,DB00252; DB00361; DB00455; DB00472; DB01118; DB01227; DB06077; DB06209; DB09065; DB09083; DB09119; DB11689; DB11921; DB12161; DB12332
2674,Pyruvate synthase,por,,Y09702,P94692,POR_DESAF,1B0P; 1KEK; 2C3M; 2C3O; 2C3P; 2C3U; 2C3Y; 2C42; 2PDA; 2UZA,,,,Desulfovibrio africanus,DB00507
2705,Liver carboxylesterase 1,CES1,,M73499,P23141,EST1_HUMAN,1MX1; 1MX5; 1MX9; 1YA4; 1YA8; 1YAH; 1YAJ; 2DQY; 2DQZ; 2DR0; 2H7C; 2HRQ; 2HRR; 3K9B; 4AB1,,CES1,HGNC:1863,Humans,DB00198
2793,Cytochrome P450 2C9,CYP2C9,,AY341248,P11712,CP2C9_HUMAN,1OG2; 1OG5; 1R9O; 4NZ2,,CYP2C9,HGNC:2623,Humans,DB00252; DB06209; DB09048; DB11689
2887,Cytochrome P450 2C8,CYP2C8,,M17397,P10632,CP2C8_HUMAN,1PQ2; 2NNH; 2NNI; 2NNJ; 2VN0,,CYP2C8,HGNC:2622,Humans,DB01118; DB11689; DB11979
3074,Carbonyl reductase [NADPH] 1,CBR1,,J04056,P16152,CBR1_HUMAN,1WMA; 2PFG; 3BHI; 3BHJ; 3BHM; 4Z3D,,CBR1,HGNC:1548,Humans,DB09212
3239,Exonuclease,exo,,J02459,P03697,EXO_LAMBD,1AVQ; 3SLP; 3SM4; 4WUZ,,,,Enterobacteria phage lambda,DB13161
3246,Hexokinase,,,L04480,Q26609,HXK_SCHMA,1BDG,,,,Blood fluke,DB13749
3336,Cytochrome P450 2A6,CYP2A6,,X13897,P11509,CP2A6_HUMAN,1Z10; 1Z11; 2FDU; 2FDV; 2FDW; 2FDY; 3EBS; 3T3Q; 3T3R; 4EJJ; 4RUI,,CYP2A6,HGNC:2610,Humans,DB00252; DB09256
3533,Cytochrome P450 2E1,CYP2E1,181360,J02625,P05181,CP2E1_HUMAN,3E4E; 3E6I; 3GPH; 3KOH; 3LC4; 3T3Z,,,HGNC:2631,Humans,DB00252; DB11689
3536,Cytochrome P450 2C19,CYP2C19,181344,M61854,P33261,CP2CJ_HUMAN,4GQS,,,HGNC:2621,Humans,DB00455; DB06209; DB09119; DB11689
3539,Aldehyde oxidase,AOX1,438656,L11005,Q06278,AOXA_HUMAN,4UHW; 4UHX,,,HGNC:553,Humans,DB00246; DB12466
3541,UDP-glucuronosyltransferase 1-1,UGT1A1,184473,M57899,P22309,UD11_HUMAN,,,,HGNC:12530,Humans,DB05018; DB11689
3543,Cytochrome P450 1A1,CYP1A1,181276,K03191,P04798,CP1A1_HUMAN,4I8V,,,HGNC:2595,Humans,DB00455; DB08931
3544,UDP-glucuronosyltransferase 1-4,UGT1A4,184475,M57951,P22310,UD14_HUMAN,,,,HGNC:12536,Humans,DB00252
3546,"Alkaline phosphatase, tissue-nonspecific isozyme",ALPL,28738,X14174,P05186,PPBT_HUMAN,,,,HGNC:438,Humans,DB06716
3549,Cytochrome P450 2B6,CYP2B6,181296,M29874,P20813,CP2B6_HUMAN,3IBD; 3QOA; 3QU8; 3UA5; 4I91; 4RQL; 4RRT,,,HGNC:2615,Humans,DB06209
3550,Cytochrome P450 3A43,CYP3A43,12642642,AF319634,Q9HB55,CP343_HUMAN,,,,HGNC:17450,Humans,DB09048; DB09065
3578,Guanylate cyclase soluble subunit alpha-2,GUCY1A2,31671,X63282,P33402,GCYA2_HUMAN,,,,HGNC:4684,Humans,DB06154; DB13749
3611,Cytochrome P450 2C18,CYP2C18,,M61853,P33260,CP2CI_HUMAN,2CIK; 2H6P,,,HGNC:2620,Humans,DB00252
3612,Cytochrome P450 3A7,CYP3A7,220149,D00408,P24462,CP3A7_HUMAN,,,,HGNC:2640,Humans,DB09065
3841,"ATP synthase subunit beta, mitochondrial",ATP5B,28940,X03559,P06576,ATPB_HUMAN,,,,HGNC:830,Humans,DB08949
4455,Thiosulfate sulfurtransferase,TST,,,Q16762,THTR_HUMAN,,,,HGNC:12388,Humans,DB09499
4740,Carboxylesterase,CES1A1a,,,Q6LAP9,Q6LAP9_HUMAN,,,,,Humans,DB11793
2638,Cytochrome P450 3A4,CYP3A4,,M18907,P08684,CP3A4_HUMAN,1TQN; 1W0E; 1W0F; 1W0G; 2J0D; 2V0M; 3NXU; 3TJS; 3UA1; 4D6Z; 4D75; 4D78; 4D7D; 4I3Q; 4I4G; 4I4H; 4K9T; 4K9U; 4K9V; 4K9W; 4K9X; 4NY4; 5A1P; 5A1R,,CYP3A4,HGNC:2637,Humans,DB11979
3550,Cytochrome P450 3A43,CYP3A43,12642642,AF319634,Q9HB55,CP343_HUMAN,,,,HGNC:17450,Humans,DB11979
2362,Cytochrome P450 3A5,CYP3A5,181346,J04813,P20815,CP3A5_HUMAN,,,CYP3A5,HGNC:2638,Humans,DB11979
3612,Cytochrome P450 3A7,CYP3A7,220149,D00408,P24462,CP3A7_HUMAN,,,,HGNC:2640,Humans,DB11979
2198,Amine oxidase [flavin-containing] A,MAOA,187353,M68840,P21397,AOFA_HUMAN,1H8Q; 2BXR; 2BXS; 2Z5X; 2Z5Y,,MAOA,HGNC:6833,Humans,DB09130
2196,Amine oxidase [flavin-containing] B,MAOB,398415,S62734,P27338,AOFB_HUMAN,1GOS; 1H8R; 1OJ9; 1OJA; 1OJC; 1OJD; 1S2Q; 1S2Y; 1S3B; 1S3E; 2BK3; 2BK4; 2BK5; 2BYB; 2C64; 2C65; 2C66; 2C67; 2C70; 2C72; 2C73; 2C75; 2C76; 2V5Z; 2V60; 2V61; 2VRL; 2VRM; 2VZ2; 2XCG; 2XFN; 2XFO; 2XFP; 2XFQ; 2XFU; 3PO7; 3ZYX; 4A79; 4A7A; 4CRT,,MAOB,HGNC:6834,Humans,DB09130
8299,Intestinal-type alkaline phosphatase,ALPI,,,P19111,PPBI_BOVIN,,,,,Bos taurus,DB09413
8753,Proprotein convertase subtilisin/kexin type 9,PCSK9,,,Q8NBP7,PCSK9_HUMAN,2P4E; 2PMW; 2QTW; 2W2M; 2W2N; 2W2O; 2W2P; 2W2Q; 2XTJ; 3BPS; 3GCW; 3GCX; 3H42; 3M0C; 3P5B; 3P5C; 3SQO; 4K8R; 4NE9; 4NMX; 4OV6,,,HGNC:20001,Humans,DB09303
8811,Protein-lysine 6-oxidase,LOX,,,P28300,LYOX_HUMAN,,,,HGNC:6664,Humans,DB09130
8876,Diacylglycerol O-acyltransferase 2,DGAT2,,,Q96PD7,DGAT2_HUMAN,,,,HGNC:16940,Humans,DB08949
9293,Deazaflavin-dependent nitroreductase,ddn,,,P9WP15,DDN_MYCTU,3R5L; 3R5P; 3R5R; 3R5W,,,,Mycobacterium tuberculosis (strain ATCC 25618 / H37Rv),DB11637
9507,"Ferredoxin--NADP reductase, apicoplast",,,,C6KT68,FENR_PLAF7,2OK7; 2OK8; 3JQP; 3JQQ; 3JQR,,,,Plasmodium falciparum (isolate 3D7),DB06608
9510,Epoxide hydrolase 1,EPHX1,,,P07099,HYEP_HUMAN,,,,HGNC:3401,Humans,DB00252
3106,Nucleoside diphosphate kinase A,NME1,,X75598,P15531,NDKA_HUMAN,1JXV; 1UCN; 2HVD; 2HVE; 3L7U; 4ENO,,NME1,HGNC:7849,Humans,DB00787
3281,Nucleoside diphosphate kinase B,NME2,,X58965,P22392,NDKB_HUMAN,1NSK; 1NUE; 3BBB; 3BBC; 3BBF,,NME2,HGNC:7850,Humans,DB00787
82,Creatine kinase B-type,CKB,180572,M16451,P12277,KCRB_HUMAN,3B6R; 3DRB; 3DRE,,CKB,HGNC:1991,Humans,DB00787
714,Creatine kinase M-type,CKM,180576,M14780,P06732,KCRM_HUMAN,1I0E,,CKM,HGNC:1994,Humans,DB00787
410,"Creatine kinase S-type, mitochondrial",CKMT2,338237,J05401,P17540,KCRS_HUMAN,4Z9M,,CKMT2,HGNC:1996,Humans,DB00787
171,"Creatine kinase U-type, mitochondrial",CKMT1A,180590,J04469,P12532,KCRU_HUMAN,1QK1,,CKMT1A,HGNC:31736,Humans,DB00787
46,Pyruvate kinase PKLR,PKLR,3327365,AB015983,P30613,KPYR_HUMAN,2VGB; 2VGF; 2VGG; 2VGI; 4IMA; 4IP7,,PKLR,HGNC:9020,Humans,DB00787
88,Pyruvate kinase PKM,PKM,189998,M23725,P14618,KPYM_HUMAN,1T5A; 1ZJH; 3BJF; 3BJT; 3G2G; 3GQY; 3GR4; 3H6O; 3ME3; 3SRD; 3SRF; 3SRH; 3U2Z; 4B2D; 4FXF; 4FXJ; 4G1N; 4JPG; 4QG6; 4QG8; 4QG9; 4QGC; 4RPP; 4WJ8,,PKM2,HGNC:9021,Humans,DB00787
4454,Phosphoglycerate kinase 1,PGK1,,,P00558,PGK1_HUMAN,2WZB; 2WZC; 2WZD; 2X13; 2X14; 2X15; 2XE6; 2XE7; 2XE8; 2Y3I; 2YBE; 2ZGV; 3C39; 3C3A; 3C3B; 3C3C; 3ZOZ; 4AXX; 4O33,,,HGNC:8896,Humans,DB00787
9628,Phosphoglycerate kinase 2,PGK2,,,P07205,PGK2_HUMAN,,,,HGNC:8898,Humans,DB00787
2260,"Succinyl-CoA ligase [ADP-forming] subunit beta, mitochondrial",SUCLA2,7328935,AB035863,Q9P2R7,SUCB1_HUMAN,,,SUCLA2,HGNC:11448,Humans,DB00787
2255,"Succinyl-CoA ligase [ADP/GDP-forming] subunit alpha, mitochondrial",SUCLG1,9409794,AF104921,P53597,SUCA_HUMAN,,,SUCLG1,HGNC:11449,Humans,DB00787
355,"Succinyl-CoA ligase [GDP-forming] subunit beta, mitochondrial",SUCLG2,133777003,BC007716,Q96I99,SUCB2_HUMAN,,,SUCLG2,HGNC:11450,Humans,DB00787
9631,"Phosphoenolpyruvate carboxykinase [GTP], mitochondrial",PCK2,,,Q16822,PCKGM_HUMAN,,,,HGNC:8725,Humans,DB00787
906,"Phosphoenolpyruvate carboxykinase, cytosolic [GTP]",PCK1,189945,L05144,P35558,PCKGC_HUMAN,1KHB; 1KHE; 1KHF; 1KHG; 1M51; 1NHX; 2GMV,,PCK1,HGNC:8724,Humans,DB00787
2231,Adenylosuccinate synthetase isozyme 1,ADSSL1,21303413,AY037159,Q8N142,PURA1_HUMAN,2GJO,,ADSSL1,HGNC:20093,Humans,DB00787
2228,Adenylosuccinate synthetase isozyme 2,ADSS,415849,X66503,P30520,PURA2_HUMAN,2V40,,ADSS,HGNC:292,Humans,DB00787
9788,Phosphoribosylpyrophosphate synthetase,,,,Q8IE67,Q8IE67_PLAF7,,,,,Plasmodium falciparum (isolate 3D7),DB13749
9824,Beta-lactamase,KPC-2,,,Q93LQ9,Q93LQ9_KLEPN,,,,,Klebsiella pneumoniae,DB01598
9966,"1,5-anhydro-D-fructose reductase",AKR1E2,,,Q96JD6,AKCL2_HUMAN,,,,HGNC:23437,Humans,DB06077
3610,3-oxo-5-beta-steroid 4-dehydrogenase,AKR1D1,431857,Z28339,P51857,AK1D1_HUMAN,3BUR; 3BUV; 3BV7; 3CAQ; 3CAS; 3CAV; 3CMF; 3COT; 3DOP; 3G1R; 3UZW; 3UZX; 3UZY; 3UZZ,,,HGNC:388,Humans,DB06077
4352,Alcohol dehydrogenase [NADP(+)],AKR1A1,178481,J04794,P14550,AK1A1_HUMAN,2ALR,,,HGNC:380,Humans,DB06077
4353,Aldo-keto reductase family 1 member B10,AKR1B10,3150035,U37100,O60218,AK1BA_HUMAN,1ZUA; 4GA8; 4GAB; 4GQ0; 4GQG; 4I5X; 4ICC; 4JIH; 4JII; 4WEV; 4XZL; 4XZM; 4XZN,,,HGNC:382,Humans,DB06077
9969,Aldo-keto reductase family 1 member B15,AKR1B15,,,C9JRZ8,AK1BF_HUMAN,,,,HGNC:37281,Humans,DB06077
126,Aldo-keto reductase family 1 member C1,AKR1C1,181549,M86609,Q04828,AK1C1_HUMAN,1MRQ; 3C3U; 3GUG; 3NTY,,AKR1C1,HGNC:384,Humans,DB06077
622,Aldo-keto reductase family 1 member C2,AKR1C2,531160,U05598,P52895,AK1C2_HUMAN,1IHI; 1J96; 1XJB; 2HDJ; 2IPJ; 4JQ1; 4JQ2; 4JQ3; 4JQ4; 4JQA; 4JTQ; 4JTR; 4L1W; 4L1X,,AKR1C2,HGNC:385,Humans,DB06077
592,Aldo-keto reductase family 1 member C3,AKR1C3,4261711,S68288,P42330,AK1C3_HUMAN,1RY0; 1RY8; 1S1P; 1S1R; 1S2A; 1S2C; 1XF0; 1ZQ5; 2F38; 2FGB; 3R43; 3R58; 3R6I; 3R7M; 3R8G; 3R8H; 3R94; 3UFY; 3UG8; 3UGR; 3UWE; 4DBS; 4DBU; 4DBW; 4DZ5; 4FA3; 4FAL; 4FAM; 4H7C; 4HMN; 4WDT; 4WDU; 4WDW; 4WDX; 4WRH; 4XVD; 4XVE,,AKR1C3,HGNC:386,Humans,DB06077
438,Aldo-keto reductase family 1 member C4,AKR1C4,4261710,S68287,P17516,AK1C4_HUMAN,2FVL,,AKR1C4,HGNC:387,Humans,DB06077
747,Aldose reductase,AKR1B1,178487,J04795,P15121,ALDR_HUMAN,1ABN; 1ADS; 1AZ1; 1AZ2; 1EF3; 1EL3; 1IEI; 1MAR; 1PWL; 1PWM; 1T40; 1T41; 1US0; 1X96; 1X97; 1X98; 1XGD; 1Z3N; 1Z89; 1Z8A; 2ACQ; 2ACR; 2ACS; 2ACU; 2AGT; 2DUX; 2DUZ; 2DV0; 2F2K; 2FZ8; 2FZ9; 2FZB; 2FZD; 2HV5; 2HVN; 2HVO; 2I16; 2I17; 2IKG; 2IKH; 2IKI; 2IKJ; 2INE; 2INZ; 2IPW; 2IQ0; 2IQD; 2IS7; 2ISF; 2J8T; 2NVC; 2NVD; 2PD5; 2PD9; 2PDB; 2PDC; 2PDF; 2PDG; 2PDH; 2PDI; 2PDJ; 2PDK; 2PDL; 2PDM; 2PDN; 2PDP; 2PDQ; 2PDU; 2PDW; 2PDX; 2PDY; 2PEV; 2PF8; 2PFH; 2PZN; 2QXW; 2R24; 3BCJ; 3DN5; 3G5E; 3GHR; 3GHS; 3GHT; 3GHU; 3LBO; 3LD5; 3LEN; 3LEP; 3LQG; 3LQL; 3LZ3; 3LZ5; 3M0I; 3M4H; 3M64; 3MB9; 3MC5; 3ONB; 3ONC; 3P2V; 3Q65; 3Q67; 3RX2; 3RX3; 3RX4; 3S3G; 3T42; 3U2C; 3V35; 3V36; 4GCA; 4GQ0; 4IGS; 4JIR; 4LAU; 4LAZ; 4LB3; 4LB4; 4LBR; 4LBS; 4NKC; 4PR4; 4PRR; 4PRT; 4PUU; 4PUW; 4Q7B; 4QBX; 4QR6; 4QX4; 4QXI; 4RPQ; 4XZH; 4XZI,,AKR1B1,HGNC:381,Humans,DB06077
10137,Very long-chain acyl-CoA synthetase,SLC27A2,,,O14975,S27A2_HUMAN,,,,HGNC:10996,Humans,DB11936